Handle,Title,Body (HTML),Vendor,Type,Tags,Published,Status,Option1 Name,Option1 Value,Variant SKU,Variant Price,Variant Inventory Tracker,Variant Inventory Qty,Variant Inventory Policy,Variant Requires Shipping,Image Src,Image Position,Image Alt Text,SEO Title,SEO Description,Canonical Product ID,pd_no,Legal Complete
celderma-daily-collagen-essence-gel-mask-29g,Celderma Daily Collagen Essence Gel Mask 29g,"<p>Experience a refreshing skincare routine with the Celderma Daily Collagen Essence Gel Mask. Designed to fit comfortably on the face, this 29g hydrogel sheet mask helps deliver moisture for a glowing and well-hydrated complexion.</p><p>Simply apply the mask to clean skin, relax for a few minutes, and gently pat in any remaining essence for smooth-looking skin throughout the day.</p><p><strong>Identity:</strong> Celderma Daily Collagen Essence Gel Mask 29g</p><p><strong>Ingredients:</strong> Water, Glycerin, Niacinamide, Ceratonia Siliqua (Carob) Gum, Chondrus Crispus Extract, 1,2-Hexanediol, Pentylene Glycol, Ethylhexylglycerin, Collagen Extract, Adenosine, Disodium EDTA, Glyceryl Glucoside, Polyglyceryl-6 Caprylate, Polyglyceryl-4 Caprate, Tocopherol</p>",셀더마 데일리,Face Mask,"celderma, sheet-mask, gel-mask, collagen-mask, korean-beauty, k-beauty, facial-mask, hydrating-mask",FALSE,draft,Title,29g,CP000075,12.99,shopify,0,deny,TRUE,https://cdn.daisomall.co.kr/file/PD/20240109/8IB1YBxg81UqZXiKzXFM1042619_00_008IB1YBxg81UqZXiKzXFM.jpg,1,Celderma Daily Collagen Essence Gel Mask 29g,Celderma Daily Collagen Essence Gel Mask 29g,"Shop the Celderma Daily Collagen Essence Gel Mask 29g from Korea. A hydrating gel sheet mask designed for a smooth, glowing, and refreshed complexion.",CP000075,1042619,FALSE
vt-super-hyalon-sleeping-mask-4ml-6ea,VT Super Hyalon Sleeping Mask 4ml 6ea,"<p>Discover the VT Super Hyalon Sleeping Mask, designed to deliver deep hydration to your skin while you sleep. Each pack contains six convenient 4ml individual portions for easy daily use.</p><p>Apply this nourishing sleeping mask as the final step in your evening routine to wake up with a soft, refreshed, and hydrated complexion.</p><p><strong>Identity:</strong> VT Super Hyalon Sleeping Mask 4ml 6ea</p><p><strong>Ingredients:</strong> Water, Glycerin, Dipropylene Glycol, Cyclopentasiloxane, Cyclohexasiloxane, Glycereth-26, Macadamia Ternifolia Seed Oil, Ammonium Acryloyldimethyltaurate/VP Copolymer, Glyceryl Glucoside, 1,2-Hexanediol, Camellia Japonica Seed Oil, Hydroxyacetophenone, Polysorbate 20, Hydroxyethyl Urea, Carbomer, Betaine, Allantoin, Trehalose, Butylene Glycol, Tromethamine, Dextrin, Propanediol, Disodium EDTA, Glucose, Fragrance|Perfume|Parfum, Sodium Hyaluronate, Sodium Polyacrylate, Gardenia Florida Fruit Extract, Malva Sylvestris (Mallow) Leaf Extract, Glycine, Serine, Glutamic Acid, Chlorella Vulgaris Extract, Panthenol, Aspartic Acid, Leucine, Alanine, Lysine, Arginine, Tyrosine, Phenylalanine, Proline, Threonine, Valine, Isoleucine, Histidine, Cysteine, Methionine, Polyglutamic Acid, Ethylhexylglycerin, Sodium Hyaluronate Crosspolymer, Potassium Hyaluronate, Hydroxypropyltrimonium Hyaluronate, Hyaluronic Acid, Hydrolyzed Sodium Hyaluronate, Hydrolyzed Hyaluronic Acid, Pentylene Glycol, Sodium Acetylated Hyaluronate</p>",VT,Face Mask,"vt-cosmetics, sleeping-mask, hyaluronic-acid, face-mask, k-beauty, skincare, hydrating-mask",FALSE,draft,Title,4ml,CP000109,23.99,shopify,0,deny,TRUE,https://cdn.daisomall.co.kr/file/PD/20250929/gblFwiiyQbV92ezzjLMk1049285_00_01gblFwiiyQbV92ezzjLMk.jpg,1,VT Super Hyalon Sleeping Mask 4ml 6ea,VT Super Hyalon Sleeping Mask 4ml 6 Pack,Shop the VT Super Hyalon Sleeping Mask 4ml 6-pack for deep overnight hydration. Convenient individual pouches for a refreshed and moisturized morning complexion.,CP000109,1049285,FALSE
vonsep-retinol-500-iu-serum-30-ml,VONSEP Retinol 500 IU Serum 30 ml,"<p>Discover the VONSEP Retinol 500 IU Serum in a convenient 30 ml size, designed to enhance your daily skincare routine.</p><p>This nourishing serum applies smoothly to help support a radiant and refreshed-looking complexion.</p><p><strong>Identity:</strong> VONSEP Retinol 500 IU Serum 30 ml</p><p><strong>Ingredients:</strong> Water, Butylene Glycol, Glycerin, Squalane, 1,2-Hexanediol, Butyrospermum Parkii (Shea) Butter, C9-12 Alkane, Dimethicone, Bakuchiol, Retinol, C14-22 Alcohols, Glyceryl Stearate, PEG-100 Stearate, Helianthus Annuus (Sunflower) Seed Oil, Glyceryl Stearate SE, Hydroxyethyl Acrylate/Sodium Acryloyldimethyl Taurate Copolymer, C12-20 Alkyl Glucoside, Glycine Soja (Soybean) Oil, Tocopheryl Acetate, Allantoin, Ethylhexylglycerin, Carbomer, Tromethamine, Adenosine, Xanthan Gum, Disodium EDTA, Sorbitan Isostearate, BHT, Bixa Orellana Seed Oil, Ceramide NP, Phaseolus Radiatus Seed Extract, Panthenol, Tocopherol, Hydrogenated Lecithin, Caprylic/Capric Triglyceride, Polyglyceryl-10 Myristate, Centella Asiatica Extract, Sodium Hyaluronate, Fragrance|Perfume|Parfum</p>",본셉 스킨케어,Face Serum,"vonsep, retinol-serum, face-serum, korean-skincare, k-beauty, facial-serum, retinol-500-iu",FALSE,draft,Title,30ml,CP000130,35.99,shopify,0,deny,TRUE,https://cdn.daisomall.co.kr/file/PD/20251216/0lOXklS1nx5HxNuMya731055167_00_000lOXklS1nx5HxNuMya73.jpg,1,VONSEP Retinol 500 IU Serum 30 ml,VONSEP Retinol 500 IU Serum 30 ml,Enhance your skincare routine with VONSEP Retinol 500 IU Serum 30 ml. Designed for a smooth and radiant-looking complexion.,CP000130,1055167,FALSE
celderma-daily-transforming-firming-collagen-mask-28g,Celderma Daily Transforming Firming Collagen Mask 28g,"<p>Discover the Celderma Daily Transforming Firming Collagen Mask, a 28g sheet mask designed for your daily skincare routine.</p><p>Infused with collagen, this mask helps hydrate and smooth the look of fine lines for a fresher-looking complexion.</p><p><strong>Identity:</strong> Celderma Daily Transforming Firming Collagen Mask 28g</p><p><strong>Ingredients:</strong> Water, Glycerin, Cetyl Ethylhexanoate, Butyrospermum Parkii (Shea) Butter, Acrylates Copolymer, Chondrus Crispus Extract, Ceratonia Siliqua Gum, Dipropylene Glycol, Betaine, Potassium Chloride, Hydroxyacetophenone, Sucrose, Cetyl Hydroxyethylcellulose, Caprylyl Glycol, Allantoin, Ethylhexylglycerin, Polyglyceryl-6 Caprylate, Polyglyceryl-4 Caprate, Adenosine, Hydrolyzed Vegetable Protein, 1,2-Hexanediol, Disodium EDTA, Fragrance, Ultramarines, Hydrated Silica, Disodium Phosphate, Silica Dimethyl Silylate, Dipotassium Glycyrrhizate, Butylene Glycol, Sodium Phosphate, Vigna Radiata Sprout Extract, Brassica Oleracea Italica (Broccoli) Sprout Extract, Brassica Campestris (Rapeseed) Sprout Extract, CI 17200, Tocopherol</p>",셀더마 데일리,Sheet Mask,"celderma, collagen-mask, sheet-mask, k-beauty, face-mask, firming-mask, korean-skincare",FALSE,draft,Title,28g,CP000151,12.99,shopify,0,deny,TRUE,https://cdn.daisomall.co.kr/file/PD/20250429/dEtwcu53V3cOWvQ0SnSL1059834_00_01dEtwcu53V3cOWvQ0SnSL.jpg,1,Celderma Daily Transforming Firming Collagen Mask 28g,Celderma Daily Transforming Firming Collagen Mask 28g,Shop the Celderma Daily Transforming Firming Collagen Mask 28g. Hydrating sheet mask formulated with collagen for a smooth and refreshed look.,CP000151,1059834,FALSE
vt-pdrn-radiance-cream-50-ml,VT PDRN Radiance Cream 50 ml,"<p>Discover the nourishing radiance of VT PDRN Radiance Cream. This rich facial cream provides deep moisture to help you achieve a glowing, luminous complexion.</p><p>Formulated with PDRN, the 50 ml cream absorbs smoothly into the skin, leaving your face feeling soft, hydrated, and visibly refreshed throughout the day.</p><p><strong>Identity:</strong> VT PDRN Radiance Cream 50 ml</p><p><strong>Ingredients:</strong> Water, Butylene Glycol, Glycerin, Propanediol, C12-15 Alkyl Benzoate, Caprylic/Capric Triglyceride, Polyglycerin-3, Methyl Hydrogenated Rosinate, 1,2-Hexanediol, Niacinamide, Caprylic/Capric/Myristic/Stearic Triglyceride, C14-22 Alcohols, Bis-Diglyceryl Polyacyladipate-2, Vinyl Dimethicone, Cetearyl Alcohol, Panthenol, Glyceryl Stearate, Betaine, C12-20 Alkyl Glucoside, Polyacrylate-13, Palmitic Acid, Hydrogenated Vegetable Oil, Stearic Acid, Cetearyl Glucoside, Hydrogenated Polyisobutene, Macadamia Ternifolia Seed Oil, Tromethamine, Glyceryl Acrylate/Acrylic Acid Copolymer, Carbomer, Xanthan Gum, Ethylhexylglycerin, Allantoin, Adenosine, Polyglyceryl-10 Laurate, Ethylhexyl Palmitate, Disodium EDTA, Gellan Gum, Sorbitan Isostearate, Agar, Squalane, Hydrogenated Lecithin, Helianthus Annuus (Sunflower) Seed Oil, Sodium Hyaluronate, Guaiazulene, Hydrolyzed Elastin, Panax Ginseng Root Extract, Copper Chlorophyll, Potassium Hyaluronate, Hydroxypropyltrimonium Hyaluronate, Hydrolyzed Sodium Hyaluronate, Hydrolyzed Hyaluronic Acid, Hyaluronic Acid, Hydrolyzed Collagen, Caprylyl Glycol, Rosmarinus Officinalis (Rosemary) Extract, Ceramide NP, Pentylene Glycol, Sodium DNA, Sodium Hyaluronate Crosspolymer, Ceramide NS, Sodium Acetylated Hyaluronate, Phytosphingosine, Citric Acid, Cholesterol, Sodium Guaiazulene Sulfonate, Ceramide AS, Ceramide AP, Ceramide EOP, Fragrance|Perfume|Parfum</p>",VT,Face Cream,"vt-cosmetics, pdrn-cream, radiance-cream, korean-skincare, face-moisturizer, hydrating-cream",FALSE,draft,Title,50ml,CP000216,21.99,shopify,0,deny,TRUE,https://cdn.daisomall.co.kr/file/PD/20251226/wj1JQs4g8q0tBuz4c7jF1067498_00_01wj1JQs4g8q0tBuz4c7jF.jpg,1,VT PDRN Radiance Cream 50 ml,VT PDRN Radiance Cream 50 ml - Moisturizing Face Cream,Shop the VT PDRN Radiance Cream 50 ml for deep moisture and a glowing complexion. Nourishing facial cream formulated for a radiant appearance.,CP000216,1067498,FALSE
bongseop-retinol-firming-shot-body-guasha-serum-100ml,Bongseop Retinol Firming Shot Body Guasha Serum 100ml,"<p>Experience the convenience of a body serum and massager in one with this firming formula. Designed for easy application, it helps smooth the look of skin texture for a more toned appearance.</p><p>Infused with retinol, this 100 ml body serum nourishes your skin while the built-in guasha applicator helps massage and relax your body during your daily routine.</p><p><strong>Identity:</strong> Bongseop Retinol Firming Shot Body Guasha Serum 100ml</p><p><strong>Ingredients:</strong> Water, Glycerin, Butylene Glycol, Dimethicone, Cetearyl Alcohol, Cetyl Ethylhexanoate, Bakuchiol, Retinol, Polyglyceryl-3 Methylglucose Distearate, Glyceryl Stearate, Hydroxyacetophenone, Tromethamine, Carbomer, Acrylates/C10-30 Alkyl Acrylate Crosspolymer, Biosaccharide Gum-1, Ethylhexylglycerin, 1,2-Hexanediol, Glyceryl Acrylate/Acrylic Acid Copolymer, Xanthan Gum, Hydroxypropyl Guar, Disodium EDTA, Phaseolus Radiatus Seed Extract, Hydroxyethylcellulose, Caprylic/Capric Triglyceride, Hydrogenated Lecithin, Polyglyceryl-10 Myristate, Tocopheryl Acetate, Squalane, Panthenol, Adenosine, Allantoin, Centella Asiatica Extract, Sodium Hyaluronate, Phytosteryl/Octyldodecyl Lauroyl Glutamate, Ceramide NP, Fragrance|Perfume|Parfum</p>",본셉 스킨케어,Body Serum,"body-serum, retinol-serum, body-guasha, firming-serum, k-beauty, bongseop, skin-care",FALSE,draft,Title,100ml,CP000251,18.99,shopify,0,deny,TRUE,https://cdn.daisomall.co.kr/file/PD/20260909/3UnEEcWgQD0IKB2N7HaJ1072554_00_013UnEEcWgQD0IKB2N7HaJ.jpg,1,Bongseop Retinol Firming Shot Body Guasha Serum 100ml,Bongseop Retinol Firming Shot Body Guasha Serum 100ml,Discover the Bongseop Retinol Firming Shot Body Guasha Serum 100ml. A 2-in-1 body serum and massager that helps smooth and nourish your skin.,CP000251,1072554,FALSE
celderma-daily-pdrn-radiance-cream-wrapping-mask-1ea,Celderma Daily PDRN Radiance Cream Wrapping Mask 1ea,"<p>Discover the Celderma Daily PDRN Radiance Cream Wrapping Mask, designed to give your skin a radiant and glowing appearance. This single-use sheet mask helps lock in moisture for a dewy, smooth look.</p><p>Simply apply to clean skin and let the rich cream formula hydrate and enhance your natural glow. Perfect for an easy skincare routine.</p><p><strong>Identity:</strong> Celderma Daily PDRN Radiance Cream Wrapping Mask 1ea</p><p><strong>Ingredients:</strong> Water, Methylpropanediol, Glycerin, Caprylic/Capric Triglyceride, Niacinamide, Polyglyceryl-3 Distearate, Cetearyl Alcohol, Hydroxyacetophenone, Arginine, Carbomer, Ammonium Acryloyldimethyltaurate/VP Copolymer, Glyceryl Stearate Citrate, Allantoin, Xanthan Gum, Sodium DNA, Adenosine, Disodium EDTA, Gluconolactone, Fragrance|Perfume|Parfum, Pogostemon Cablin Oil</p>",셀더마 데일리,Face Mask,"celderma, pdrn-mask, sheet-mask, k-beauty, radiance-cream, skincare, wrapping-mask",FALSE,draft,Title,Default Title,CP000270,23.99,shopify,0,deny,TRUE,https://cdn.daisomall.co.kr/file/PD/20260205/Cg7pPAF0QMRSGGKdsWZw1075857_00_01Cg7pPAF0QMRSGGKdsWZw.jpg,1,Celderma Daily PDRN Radiance Cream Wrapping Mask 1ea,Celderma Daily PDRN Radiance Cream Wrapping Mask 1ea,Shop the Celderma Daily PDRN Radiance Cream Wrapping Mask. Hydrates and enhances your skin's natural glow with a nourishing cream formula.,CP000270,1075857,FALSE
vt-reedle-shot,VT Reedle Shot 100 Facial Boosting First Ampoule 2ml x 6ea,"<p>Experience smooth skin texture with the VT Reedle Shot 100 Facial Boosting First Ampoule. This set includes six convenient 2ml ampoules designed to prep your skin.</p><p>Incorporate this first step into your daily skincare routine to help enhance the look and feel of your complexion effortlessly.</p><p><strong>Identity:</strong> VT Reedle Shot 100 Facial Boosting First Ampoule 2ml x 6ea</p><p><strong>Ingredients:</strong> Water, Dipropylene Glycol, Glycerin, Niacinamide, Butylene Glycol, Macadamia Ternifolia Seed Oil, 1,2-Hexanediol, Ethylhexyl Palmitate, Sodium Acrylate/Sodium Acryloyldimethyl Taurate Copolymer, Polyisobutene, Silica, Glycereth-26, Ethylhexylglycerin, Caprylyl Glycol, Adenosine, Sodium Polyacrylate, Sodium Hyaluronate, Centella Asiatica Extract, Caprylyl/Capryl Glucoside, Sorbitan Oleate, Xanthan Gum, Propolis Extract, Asiaticoside, Madecassoside, Madecassic Acid, Asiatic Acid, Glycine, Serine, Glutamic Acid, Aspartic Acid, Leucine, Alanine, Lysine, Arginine, Tyrosine, Phenylalanine, Threonine, Proline, Valine, Isoleucine, Histidine, Methionine, Cysteine</p>",VT,Face Serum,"vt-cosmetics, reedle-shot, facial-ampoule, korean-skincare, boosting-ampoule, skin-texture",FALSE,draft,Strength,100,CP000106-RS-100,14.99,shopify,0,deny,TRUE,https://cdn.daisomall.co.kr/file/PD/20251226/0XsdymYj3PJyHpuxNOsm1049275_00_010XsdymYj3PJyHpuxNOsm.jpg,1,VT Reedle Shot 100 Facial Boosting First Ampoule 2ml x 6ea,VT Reedle Shot 100 Facial Boosting First Ampoule 2ml x 6,Discover the VT Reedle Shot 100 Facial Boosting First Ampoule in a convenient 6-pack. Prep your skin for a smoother look and feel with this Korean beauty essential.,CP000106,1049275,FALSE
vt-reedle-shot,VT Reedle Shot 300 Facial Boosting First Ampoule 2ml x 6,"<p>Discover the VT Reedle Shot 300 Facial Boosting First Ampoule, designed for your daily skincare routine. This convenient set includes six 2ml ampoules to help prep your skin for the next steps of your routine.</p><p>Experience a smooth-looking and radiant complexion with this easy-to-use boosting ampoule. Perfect for travel or adding an extra step to your daily regimen.</p><p><strong>Identity:</strong> VT Reedle Shot 300 Facial Boosting First Ampoule 2ml x 6</p><p><strong>Ingredients:</strong> Water, Dipropylene Glycol, Glycerin, Niacinamide, Butylene Glycol, Macadamia Ternifolia Seed Oil, 1,2-Hexanediol, Ethylhexyl Palmitate, Silica, Sodium Acrylate/Sodium Acryloyldimethyl Taurate Copolymer, Polyisobutene, Glycereth-26, Ethylhexylglycerin, Caprylyl Glycol, Adenosine, Sodium Polyacrylate, Centella Asiatica Extract, Sodium Hyaluronate, Caprylyl/Capryl Glucoside, Sorbitan Oleate, Xanthan Gum, Propolis Extract, Asiaticoside, Madecassoside, Madecassic Acid, Asiatic Acid, Glycine, Serine, Glutamic Acid, Aspartic Acid, Leucine, Alanine, Lysine, Arginine, Tyrosine, Phenylalanine, Threonine, Proline, Valine, Isoleucine, Histidine, Methionine, Cysteine</p>",VT,Face Serum,"vt-cosmetics, reedle-shot, facial-ampoule, korean-skincare, boosting-ampoule, skincare-set",FALSE,draft,Strength,300,CP000107-RS-300,23.99,shopify,0,deny,TRUE,https://cdn.daisomall.co.kr/file/PD/20251226/biuEYxzjCmX6JMJEi1e01049276_00_01biuEYxzjCmX6JMJEi1e0.jpg,1,VT Reedle Shot 300 Facial Boosting First Ampoule 2ml x 6,VT Reedle Shot 300 Facial Boosting First Ampoule 2ml x 6,Shop the VT Reedle Shot 300 Facial Boosting First Ampoule 2ml x 6. Convenient facial boosting ampoules for a smooth and radiant complexion.,CP000107,1049276,FALSE
